"utc","pid","event","handle","result","elapsed_ms","contexts","contexts_bytes","system","system_bytes","detail"
"2026-09-14T17:36:43.646Z","56892","snapshot","0000000000000000","0","0.000","405","4","405","4",
"2026-09-14T17:36:53.718Z","46996","snapshot","0000000000000000","0","0.000","405","4","405","4",
"2026-09-14T17:37:03.768Z","52648","snapshot","0000000000000000","0","0.000","405","4","405","4",
"2026-09-14T17:37:13.811Z","30976","snapshot","0000000000000000","0","0.000","405","4","405","4",
"2026-09-14T17:37:23.850Z","34704","snapshot","0000000000000000","0","0.000","405","4","405","4",
"2026-09-14T17:37:33.897Z","14624","snapshot","0000000000000000","0","0.000","405","4","405","4",
"2026-09-14T17:37:43.940Z","52976","snapshot","0000000000000000","0","0.000","405","4","405","4",
"2026-09-14T17:37:54.006Z","20036","snapshot","0000000000000000","0","0.000","405","4","405","4",
"2026-09-14T17:38:04.057Z","6452","snapshot","0000000000000000","0","0.000","405","4","405","4",
"2026-09-14T17:38:14.108Z","47464","snapshot","0000000000000000","0","0.000","405","4","405","4",
"2026-09-14T17:38:24.163Z","29672","snapshot","0000000000000000","0","0.000","405","4","405","4",
"2026-09-14T17:38:34.203Z","54592","snapshot","0000000000000000","0","0.000","405","4","405","4",
"2026-09-14T17:38:44.255Z","46808","snapshot","0000000000000000","0","0.000","405","4","405","4",
"2026-09-14T17:38:54.306Z","33080","snapshot","0000000000000000","0","0.000","405","4","405","4",
"2026-09-14T17:39:04.348Z","53668","snapshot","0000000000000000","0","0.000","405","4","405","4",
"2026-09-14T17:39:14.397Z","42384","snapshot","0000000000000000","0","0.000","405","4","405","4",
"2026-09-14T17:39:24.444Z","15876","snapshot","0000000000000000","0","0.000","405","4","405","4",
"2026-09-14T17:39:34.495Z","50356","snapshot","0000000000000000","0","0.000","405","4","405","4",
"2026-09-14T17:39:44.550Z","15848","snapshot","0000000000000000","0","0.000","405","4","405","4",
"2026-09-14T17:39:54.594Z","49588","snapshot","0000000000000000","0","0.000","405","4","405","4",
"2026-09-14T17:40:04.639Z","47152","snapshot","0000000000000000","0","0.000","405","4","405","4",
"2026-09-14T17:40:14.686Z","29392","snapshot","0000000000000000","0","0.000","405","4","405","4",
"2026-09-14T17:40:24.733Z","15876","snapshot","0000000000000000","0","0.000","405","4","405","4",
"2026-09-14T17:40:34.788Z","55944","snapshot","0000000000000000","0","0.000","405","4","405","4",
"2026-09-14T17:40:44.830Z","53700","snapshot","0000000000000000","0","0.000","405","4","405","4",
"2026-09-14T17:40:54.873Z","29464","snapshot","0000000000000000","0","0.000","405","4","405","4",
"2026-09-14T17:41:04.922Z","44040","snapshot","0000000000000000","0","0.000","405","4","405","4",
"2026-09-14T17:41:14.973Z","48108","snapshot","0000000000000000","0","0.000","405","4","405","4",
"2026-09-14T17:41:25.017Z","42132","snapshot","0000000000000000","0","0.000","405","4","405","4",
"2026-09-14T17:41:35.069Z","31452","snapshot","0000000000000000","0","0.000","405","4","405","4",
"2026-09-14T17:41:45.121Z","48552","snapshot","0000000000000000","0","0.000","405","4","405","4",
"2026-09-14T17:41:55.176Z","58620","snapshot","0000000000000000","0","0.000","405","4","405","4",
"2026-09-14T17:42:05.228Z","51464","snapshot","0000000000000000","0","0.000","405","4","405","4",
"2026-09-14T17:42:15.274Z","3528","snapshot","0000000000000000","0","0.000","405","4","405","4",
"2026-09-14T17:42:25.316Z","46716","snapshot","0000000000000000","0","0.000","405","4","405","4",
"2026-09-14T17:42:35.368Z","50100","snapshot","0000000000000000","0","0.000","405","4","405","4",
"2026-09-14T17:42:45.430Z","40256","snapshot","0000000000000000","0","0.000","405","4","405","4",
"2026-09-14T17:42:55.475Z","51960","snapshot","0000000000000000","0","0.000","405","4","405","4",
"2026-09-14T17:43:05.517Z","39992","snapshot","0000000000000000","0","0.000","405","4","405","4",
"2026-09-14T17:43:15.557Z","36516","snapshot","0000000000000000","0","0.000","405","4","405","4",
"2026-09-14T17:43:25.605Z","38472","snapshot","0000000000000000","0","0.000","405","4","405","4",
"2026-09-14T17:43:35.650Z","54788","snapshot","0000000000000000","0","0.000","405","4","405","4",
"2026-09-14T17:43:45.705Z","21564","snapshot","0000000000000000","0","0.000","405","4","405","4",
"2026-09-14T17:43:55.758Z","34404","snapshot","0000000000000000","0","0.000","405","4","405","4",
"2026-09-14T17:44:05.812Z","51880","snapshot","0000000000000000","0","0.000","405","4","405","4",
"2026-09-14T17:44:15.853Z","48532","snapshot","0000000000000000","0","0.000","405","4","405","4",
"2026-09-14T17:44:25.894Z","53016","snapshot","0000000000000000","0","0.000","405","4","405","4",
"2026-09-14T17:44:35.937Z","46812","snapshot","0000000000000000","0","0.000","405","4","405","4",
"2026-09-14T17:44:45.978Z","39448","snapshot","0000000000000000","0","0.000","405","4","405","4",
"2026-09-14T17:44:56.026Z","45360","snapshot","0000000000000000","0","0.000","405","4","405","4",
"2026-09-14T17:45:06.078Z","54924","snapshot","0000000000000000","0","0.000","405","4","405","4",
"2026-09-14T17:45:16.115Z","58384","snapshot","0000000000000000","0","0.000","405","4","405","4",
"2026-09-14T17:45:26.157Z","45916","snapshot","0000000000000000","0","0.000","405","4","405","4",
"2026-09-14T17:45:36.205Z","35120","snapshot","0000000000000000","0","0.000","405","4","405","4",
"2026-09-14T17:45:46.261Z","52604","snapshot","0000000000000000","0","0.000","405","4","405","4",
"2026-09-14T17:45:56.315Z","28748","snapshot","0000000000000000","0","0.000","405","4","405","4",
"2026-09-14T17:46:06.361Z","52684","snapshot","0000000000000000","0","0.000","405","4","405","4",
"2026-09-14T17:46:16.414Z","7344","snapshot","0000000000000000","0","0.000","405","4","405","4",
"2026-09-14T17:46:26.466Z","22332","snapshot","0000000000000000","0","0.000","405","4","405","4",
"2026-09-14T17:46:36.515Z","57244","snapshot","0000000000000000","0","0.000","405","4","405","4",
"2026-09-14T17:46:46.554Z","34128","snapshot","0000000000000000","0","0.000","405","4","405","4",
"2026-09-14T17:46:56.613Z","48612","snapshot","0000000000000000","0","0.000","405","4","405","4",
"2026-09-14T17:47:06.655Z","58420","snapshot","0000000000000000","0","0.000","405","4","405","4",
"2026-09-14T17:47:16.709Z","42372","snapshot","0000000000000000","0","0.000","405","4","405","4",
"2026-09-14T17:47:26.752Z","55176","snapshot","0000000000000000","0","0.000","405","4","405","4",
"2026-09-14T17:47:36.792Z","35416","snapshot","0000000000000000","0","0.000","405","4","405","4",
"2026-09-14T17:47:46.835Z","53352","snapshot","0000000000000000","0","0.000","405","4","405","4",
"2026-09-14T17:47:56.889Z","48596","snapshot","0000000000000000","0","0.000","405","4","405","4",
"2026-09-14T17:48:06.940Z","33076","snapshot","0000000000000000","0","0.000","405","4","405","4",
"2026-09-14T17:48:16.988Z","54784","snapshot","0000000000000000","0","0.000","405","4","405","4",
"2026-09-14T17:48:27.028Z","24892","snapshot","0000000000000000","0","0.000","405","4","405","4",
"2026-09-14T17:48:37.071Z","32792","snapshot","0000000000000000","0","0.000","405","4","405","4",
"2026-09-14T17:48:47.125Z","54768","snapshot","0000000000000000","0","0.000","405","4","405","4",
"2026-09-14T17:48:57.179Z","35992","snapshot","0000000000000000","0","0.000","405","4","405","4",
"2026-09-14T17:49:07.219Z","54672","snapshot","0000000000000000","0","0.000","405","4","405","4",
"2026-09-14T17:49:17.270Z","47896","snapshot","0000000000000000","0","0.000","405","4","405","4",
"2026-09-14T17:49:27.312Z","38024","snapshot","0000000000000000","0","0.000","405","4","405","4",
"2026-09-14T17:49:37.360Z","53936","snapshot","0000000000000000","0","0.000","405","4","405","4",
"2026-09-14T17:49:47.413Z","35188","snapshot","0000000000000000","0","0.000","405","4","405","4",
"2026-09-14T17:49:57.463Z","9072","snapshot","0000000000000000","0","0.000","405","4","405","4",
"2026-09-14T17:50:07.513Z","52888","snapshot","0000000000000000","0","0.000","405","4","405","4",
"2026-09-14T17:50:17.558Z","38212","snapshot","0000000000000000","0","0.000","405","4","405","4",
"2026-09-14T17:50:27.605Z","50868","snapshot","0000000000000000","0","0.000","405","4","405","4",
"2026-09-14T17:50:37.648Z","54936","snapshot","0000000000000000","0","0.000","405","4","405","4",
"2026-09-14T17:50:47.700Z","45880","snapshot","0000000000000000","0","0.000","405","4","405","4",
"2026-09-14T17:50:57.741Z","46708","snapshot","0000000000000000","0","0.000","405","4","405","4",
"2026-09-14T17:51:07.785Z","51640","snapshot","0000000000000000","0","0.000","405","4","405","4",
"2026-09-14T17:51:17.840Z","31536","snapshot","0000000000000000","0","0.000","405","4","405","4",
"2026-09-14T17:51:27.882Z","47576","snapshot","0000000000000000","0","0.000","405","4","405","4",
"2026-09-14T17:51:37.928Z","59024","snapshot","0000000000000000","0","0.000","405","4","405","4",
"2026-09-14T17:51:47.970Z","47760","snapshot","0000000000000000","0","0.000","405","4","405","4",
"2026-09-14T17:51:58.017Z","56780","snapshot","0000000000000000","0","0.000","405","4","405","4",
"2026-09-14T17:52:08.062Z","3676","snapshot","0000000000000000","0","0.000","405","4","405","4",
"2026-09-14T17:52:18.111Z","35904","snapshot","0000000000000000","0","0.000","405","4","405","4",
"2026-09-14T17:52:28.164Z","56264","snapshot","0000000000000000","0","0.000","405","4","405","4",
"2026-09-14T17:52:38.207Z","53508","snapshot","0000000000000000","0","0.000","405","4","405","4",
"2026-09-14T17:52:48.259Z","33368","snapshot","0000000000000000","0","0.000","405","4","405","4",
"2026-09-14T17:52:58.311Z","57088","snapshot","0000000000000000","0","0.000","405","4","405","4",
"2026-09-14T17:53:08.354Z","42188","snapshot","0000000000000000","0","0.000","405","4","405","4",
"2026-09-14T17:53:18.396Z","47212","snapshot","0000000000000000","0","0.000","405","4","405","4",
"2026-09-14T17:53:28.451Z","47740","snapshot","0000000000000000","0","0.000","405","4","405","4",
"2026-09-14T17:53:38.505Z","9772","snapshot","0000000000000000","0","0.000","405","4","405","4",
"2026-09-14T17:53:48.547Z","41488","snapshot","0000000000000000","0","0.000","405","4","405","4",
"2026-09-14T17:53:58.603Z","42612","snapshot","0000000000000000","0","0.000","405","4","405","4",
"2026-09-14T17:54:08.658Z","17152","snapshot","0000000000000000","0","0.000","405","4","405","4",
"2026-09-14T17:54:18.708Z","51740","snapshot","0000000000000000","0","0.000","405","4","405","4",
"2026-09-14T17:54:28.751Z","46420","snapshot","0000000000000000","0","0.000","405","4","405","4",
"2026-09-14T17:54:38.807Z","59296","snapshot","0000000000000000","0","0.000","405","4","405","4",
"2026-09-14T17:54:48.853Z","48824","snapshot","0000000000000000","0","0.000","405","4","405","4",
"2026-09-14T17:54:58.901Z","49688","snapshot","0000000000000000","0","0.000","405","4","405","4",
"2026-09-14T17:55:08.955Z","7884","snapshot","0000000000000000","0","0.000","405","4","405","4",
"2026-09-14T17:55:19.007Z","29832","snapshot","0000000000000000","0","0.000","405","4","405","4",
"2026-09-14T17:55:29.047Z","30812","snapshot","0000000000000000","0","0.000","405","4","405","4",
"2026-09-14T17:55:39.093Z","32248","snapshot","0000000000000000","0","0.000","405","4","405","4",
"2026-09-14T17:55:49.148Z","54008","snapshot","0000000000000000","0","0.000","405","4","405","4",
"2026-09-14T17:55:59.193Z","53928","snapshot","0000000000000000","0","0.000","405","4","405","4",
"2026-09-14T17:56:09.246Z","32012","snapshot","0000000000000000","0","0.000","405","4","405","4",
"2026-09-14T17:56:19.286Z","58896","snapshot","0000000000000000","0","0.000","405","4","405","4",
"2026-09-14T17:56:29.339Z","52976","snapshot","0000000000000000","0","0.000","405","4","405","4",
"2026-09-14T17:56:39.380Z","38164","snapshot","0000000000000000","0","0.000","405","4","405","4",
"2026-09-14T17:56:49.421Z","43556","snapshot","0000000000000000","0","0.000","405","4","405","4",
"2026-09-14T17:56:59.470Z","42288","snapshot","0000000000000000","0","0.000","405","4","405","4",
"2026-09-14T17:57:09.525Z","47048","snapshot","0000000000000000","0","0.000","405","4","405","4",
"2026-09-14T17:57:19.577Z","40904","snapshot","0000000000000000","0","0.000","405","4","405","4",
"2026-09-14T17:57:29.617Z","55768","snapshot","0000000000000000","0","0.000","405","4","405","4",
"2026-09-14T17:57:39.663Z","51876","snapshot","0000000000000000","0","0.000","405","4","405","4",
"2026-09-14T17:57:49.706Z","45924","snapshot","0000000000000000","0","0.000","405","4","405","4",
"2026-09-14T17:57:59.750Z","22872","snapshot","0000000000000000","0","0.000","405","4","405","4",
"2026-09-14T17:58:09.804Z","51292","snapshot","0000000000000000","0","0.000","405","4","405","4",
"2026-09-14T17:58:19.856Z","56156","snapshot","0000000000000000","0","0.000","405","4","405","4",
"2026-09-14T17:58:29.899Z","56772","snapshot","0000000000000000","0","0.000","405","4","405","4",
"2026-09-14T17:58:39.943Z","57740","snapshot","0000000000000000","0","0.000","405","4","405","4",
"2026-09-14T17:58:49.989Z","35656","snapshot","0000000000000000","0","0.000","405","4","405","4",
"2026-09-14T17:59:00.042Z","35716","snapshot","0000000000000000","0","0.000","405","4","405","4",
"2026-09-14T17:59:10.096Z","53944","snapshot","0000000000000000","0","0.000","405","4","405","4",
"2026-09-14T17:59:20.152Z","49544","snapshot","0000000000000000","0","0.000","405","4","405","4",
"2026-09-14T17:59:30.195Z","37044","snapshot","0000000000000000","0","0.000","405","4","405","4",
"2026-09-14T17:59:40.238Z","39992","snapshot","0000000000000000","0","0.000","405","4","405","4",
"2026-09-14T17:59:50.282Z","52340","snapshot","0000000000000000","0","0.000","405","4","405","4",
"2026-09-14T18:00:00.330Z","46244","snapshot","0000000000000000","0","0.000","405","4","405","4",
"2026-09-14T18:00:10.376Z","45316","snapshot","0000000000000000","0","0.000","405","4","405","4",
"2026-09-14T18:00:20.418Z","44504","snapshot","0000000000000000","0","0.000","405","4","405","4",
"2026-09-14T18:00:30.468Z","47508","snapshot","0000000000000000","0","0.000","405","4","405","4",
"2026-09-14T18:00:40.526Z","54740","snapshot","0000000000000000","0","0.000","405","4","405","4",
"2026-09-14T18:00:50.567Z","48428","snapshot","0000000000000000","0","0.000","405","4","405","4",
"2026-09-14T18:01:00.610Z","57156","snapshot","0000000000000000","0","0.000","405","4","405","4",
"2026-09-14T18:01:10.652Z","58520","snapshot","0000000000000000","0","0.000","405","4","405","4",
"2026-09-14T18:01:20.696Z","54200","snapshot","0000000000000000","0","0.000","405","4","405","4",
"2026-09-14T18:01:30.746Z","3432","snapshot","0000000000000000","0","0.000","405","4","405","4",
"2026-09-14T18:01:40.804Z","50248","snapshot","0000000000000000","0","0.000","405","4","405","4",
"2026-09-14T18:01:50.856Z","57900","snapshot","0000000000000000","0","0.000","405","4","405","4",
"2026-09-14T18:02:00.904Z","57124","snapshot","0000000000000000","0","0.000","405","4","405","4",
"2026-09-14T18:02:10.942Z","32176","snapshot","0000000000000000","0","0.000","405","4","405","4",
"2026-09-14T18:02:20.988Z","55012","snapshot","0000000000000000","0","0.000","405","4","405","4",
"2026-09-14T18:02:31.037Z","37044","snapshot","0000000000000000","0","0.000","405","4","405","4",
"2026-09-14T18:02:41.087Z","15444","snapshot","0000000000000000","0","0.000","405","4","405","4",
"2026-09-14T18:02:51.137Z","46048","snapshot","0000000000000000","0","0.000","405","4","405","4",
"2026-09-14T18:03:01.183Z","58828","snapshot","0000000000000000","0","0.000","405","4","405","4",
"2026-09-14T18:03:11.239Z","28836","snapshot","0000000000000000","0","0.000","405","4","405","4",
"2026-09-14T18:03:21.285Z","52728","snapshot","0000000000000000","0","0.000","405","4","405","4",
"2026-09-14T18:03:31.340Z","40516","snapshot","0000000000000000","0","0.000","405","4","405","4",
"2026-09-14T18:03:41.380Z","35932","snapshot","0000000000000000","0","0.000","405","4","405","4",
"2026-09-14T18:03:51.425Z","12900","snapshot","0000000000000000","0","0.000","405","4","405","4",
"2026-09-14T18:04:01.475Z","17892","snapshot","0000000000000000","0","0.000","405","4","405","4",
"2026-09-14T18:04:11.530Z","44164","snapshot","0000000000000000","0","0.000","405","4","405","4",
"2026-09-14T18:04:21.579Z","52608","snapshot","0000000000000000","0","0.000","405","4","405","4",
"2026-09-14T18:04:31.626Z","53196","snapshot","0000000000000000","0","0.000","405","4","405","4",
"2026-09-14T18:04:41.679Z","35880","snapshot","0000000000000000","0","0.000","405","4","405","4",
"2026-09-14T18:04:51.725Z","58692","snapshot","0000000000000000","0","0.000","405","4","405","4",
"2026-09-14T18:05:01.776Z","35260","snapshot","0000000000000000","0","0.000","405","4","405","4",
"2026-09-14T18:05:11.830Z","36888","snapshot","0000000000000000","0","0.000","405","4","405","4",
"2026-09-14T18:05:21.875Z","15100","snapshot","0000000000000000","0","0.000","405","4","405","4",
"2026-09-14T18:05:31.922Z","50304","snapshot","0000000000000000","0","0.000","405","4","405","4",
"2026-09-14T18:05:41.978Z","50404","snapshot","0000000000000000","0","0.000","405","4","405","4",
"2026-09-14T18:05:52.026Z","44328","snapshot","0000000000000000","0","0.000","405","4","405","4",
"2026-09-14T18:06:02.081Z","57876","snapshot","0000000000000000","0","0.000","405","4","405","4",
"2026-09-14T18:06:12.135Z","38472","snapshot","0000000000000000","0","0.000","405","4","405","4",
"2026-09-14T18:06:22.177Z","51516","snapshot","0000000000000000","0","0.000","405","4","405","4",
"2026-09-14T18:06:32.217Z","51084","snapshot","0000000000000000","0","0.000","405","4","405","4",
"2026-09-14T18:06:42.272Z","41940","snapshot","0000000000000000","0","0.000","405","4","405","4",
"2026-09-14T18:06:52.327Z","55764","snapshot","0000000000000000","0","0.000","405","4","405","4",
"2026-09-14T18:07:02.369Z","28132","snapshot","0000000000000000","0","0.000","405","4","405","4",
"2026-09-14T18:07:12.416Z","58672","snapshot","0000000000000000","0","0.000","405","4","405","4",
"2026-09-14T18:07:22.471Z","31672","snapshot","0000000000000000","0","0.000","405","4","405","4",
"2026-09-14T18:07:32.523Z","56252","snapshot","0000000000000000","0","0.000","405","4","405","4",
"2026-09-14T18:07:42.567Z","54848","snapshot","0000000000000000","0","0.000","405","4","405","4",
"2026-09-14T18:07:52.610Z","47896","snapshot","0000000000000000","0","0.000","405","4","405","4",
"2026-09-14T18:08:02.659Z","50104","snapshot","0000000000000000","0","0.000","405","4","405","4",
"2026-09-14T18:08:12.706Z","46396","snapshot","0000000000000000","0","0.000","405","4","405","4",
"2026-09-14T18:08:22.751Z","59320","snapshot","0000000000000000","0","0.000","405","4","405","4",
"2026-09-14T18:08:32.804Z","57204","snapshot","0000000000000000","0","0.000","405","4","405","4",
"2026-09-14T18:08:42.852Z","45312","snapshot","0000000000000000","0","0.000","405","4","405","4",
"2026-09-14T18:08:52.895Z","13492","snapshot","0000000000000000","0","0.000","405","4","405","4",
"2026-09-14T18:09:02.947Z","5476","snapshot","0000000000000000","0","0.000","405","4","405","4",
"2026-09-14T18:09:13.002Z","49628","snapshot","0000000000000000","0","0.000","405","4","405","4",
"2026-09-14T18:09:23.057Z","49000","snapshot","0000000000000000","0","0.000","405","4","405","4",
"2026-09-14T18:09:33.108Z","54764","snapshot","0000000000000000","0","0.000","405","4","405","4",
"2026-09-14T18:09:43.157Z","3416","snapshot","0000000000000000","0","0.000","405","4","405","4",
"2026-09-14T18:09:53.213Z","31176","snapshot","0000000000000000","0","0.000","405","4","405","4",
"2026-09-14T18:10:03.265Z","47820","snapshot","0000000000000000","0","0.000","405","4","405","4",
"2026-09-14T18:10:13.316Z","50676","snapshot","0000000000000000","0","0.000","405","4","405","4",
"2026-09-14T18:10:23.359Z","46992","snapshot","0000000000000000","0","0.000","405","4","405","4",
"2026-09-14T18:10:33.412Z","52352","snapshot","0000000000000000","0","0.000","405","4","405","4",
"2026-09-14T18:10:43.456Z","52232","snapshot","0000000000000000","0","0.000","405","4","405","4",
"2026-09-14T18:10:53.504Z","41704","snapshot","0000000000000000","0","0.000","405","4","405","4",
"2026-09-14T18:11:03.549Z","37184","snapshot","0000000000000000","0","0.000","405","4","405","4",
"2026-09-14T18:11:13.594Z","49748","snapshot","0000000000000000","0","0.000","405","4","405","4",
"2026-09-14T18:11:23.640Z","26528","snapshot","0000000000000000","0","0.000","405","4","405","4",
"2026-09-14T18:11:33.691Z","55316","snapshot","0000000000000000","0","0.000","405","4","405","4",
"2026-09-14T18:11:43.744Z","47800","snapshot","0000000000000000","0","0.000","405","4","405","4",
"2026-09-14T18:11:53.794Z","37648","snapshot","0000000000000000","0","0.000","405","4","405","4",
"2026-09-14T18:12:03.840Z","41580","snapshot","0000000000000000","0","0.000","405","4","405","4",
"2026-09-14T18:12:13.882Z","47092","snapshot","0000000000000000","0","0.000","405","4","405","4",
"2026-09-14T18:12:23.930Z","54444","snapshot","0000000000000000","0","0.000","405","4","405","4",
"2026-09-14T18:12:33.982Z","7960","snapshot","0000000000000000","0","0.000","405","4","405","4",
"2026-09-14T18:12:44.021Z","32136","snapshot","0000000000000000","0","0.000","405","4","405","4",
"2026-09-14T18:12:54.069Z","20344","snapshot","0000000000000000","0","0.000","405","4","405","4",
"2026-09-14T18:13:04.121Z","10620","snapshot","0000000000000000","0","0.000","405","4","405","4",
"2026-09-14T18:13:14.164Z","57884","snapshot","0000000000000000","0","0.000","405","4","405","4",
"2026-09-14T18:13:24.207Z","29880","snapshot","0000000000000000","0","0.000","405","4","405","4",
"2026-09-14T18:13:34.253Z","57580","snapshot","0000000000000000","0","0.000","405","4","405","4",
"2026-09-14T18:13:44.294Z","43520","snapshot","0000000000000000","0","0.000","405","4","405","4",
"2026-09-14T18:13:54.348Z","41460","snapshot","0000000000000000","0","0.000","405","4","405","4",
"2026-09-14T18:14:04.403Z","32912","snapshot","0000000000000000","0","0.000","405","4","405","4",
"2026-09-14T18:14:14.456Z","51236","snapshot","0000000000000000","0","0.000","405","4","405","4",
"2026-09-14T18:14:24.510Z","49504","snapshot","0000000000000000","0","0.000","405","4","405","4",
"2026-09-14T18:14:34.556Z","36516","snapshot","0000000000000000","0","0.000","405","4","405","4",
"2026-09-14T18:14:44.596Z","51616","snapshot","0000000000000000","0","0.000","405","4","405","4",
"2026-09-14T18:14:54.650Z","55456","snapshot","0000000000000000","0","0.000","405","4","405","4",
"2026-09-14T18:15:04.695Z","55760","snapshot","0000000000000000","0","0.000","405","4","405","4",
"2026-09-14T18:15:14.746Z","48064","snapshot","0000000000000000","0","0.000","405","4","405","4",
"2026-09-14T18:15:24.793Z","52484","snapshot","0000000000000000","0","0.000","405","4","405","4",
"2026-09-14T18:15:34.849Z","53472","snapshot","0000000000000000","0","0.000","405","4","405","4",
"2026-09-14T18:15:44.893Z","38808","snapshot","0000000000000000","0","0.000","405","4","405","4",
"2026-09-14T18:15:54.944Z","54284","snapshot","0000000000000000","0","0.000","405","4","405","4",
"2026-09-14T18:16:04.989Z","55724","snapshot","0000000000000000","0","0.000","405","4","405","4",
"2026-09-14T18:16:15.024Z","45840","snapshot","0000000000000000","0","0.000","405","4","405","4",
"2026-09-14T18:16:25.076Z","48404","snapshot","0000000000000000","0","0.000","405","4","405","4",
"2026-09-14T18:16:35.125Z","56568","snapshot","0000000000000000","0","0.000","405","4","405","4",
"2026-09-14T18:16:45.167Z","34904","snapshot","0000000000000000","0","0.000","405","4","405","4",
"2026-09-14T18:16:55.221Z","53796","snapshot","0000000000000000","0","0.000","405","4","405","4",
"2026-09-14T18:17:05.266Z","44520","snapshot","0000000000000000","0","0.000","405","4","405","4",
"2026-09-14T18:17:15.322Z","51876","snapshot","0000000000000000","0","0.000","405","4","405","4",
"2026-09-14T18:17:25.362Z","53712","snapshot","0000000000000000","0","0.000","405","4","405","4",
"2026-09-14T18:17:35.406Z","6020","snapshot","0000000000000000","0","0.000","405","4","405","4",
"2026-09-14T18:17:45.453Z","42220","snapshot","0000000000000000","0","0.000","405","4","405","4",
"2026-09-14T18:17:55.507Z","29772","snapshot","0000000000000000","0","0.000","405","4","405","4",
"2026-09-14T18:18:05.555Z","19648","snapshot","0000000000000000","0","0.000","405","4","405","4",
"2026-09-14T18:18:15.598Z","57168","snapshot","0000000000000000","0","0.000","405","4","405","4",
"2026-09-14T18:18:25.636Z","51908","snapshot","0000000000000000","0","0.000","405","4","405","4",
"2026-09-14T18:18:35.685Z","34216","snapshot","0000000000000000","0","0.000","405","4","405","4",
"2026-09-14T18:18:45.736Z","41576","snapshot","0000000000000000","0","0.000","405","4","405","4",
"2026-09-14T18:18:55.793Z","55136","snapshot","0000000000000000","0","0.000","405","4","405","4",
"2026-09-14T18:19:05.836Z","46224","snapshot","0000000000000000","0","0.000","405","4","405","4",
"2026-09-14T18:19:15.889Z","48828","snapshot","0000000000000000","0","0.000","405","4","405","4",
"2026-09-14T18:19:25.943Z","54828","snapshot","0000000000000000","0","0.000","405","4","405","4",
"2026-09-14T18:19:35.988Z","58964","snapshot","0000000000000000","0","0.000","405","4","405","4",
"2026-09-14T18:19:46.043Z","16060","snapshot","0000000000000000","0","0.000","405","4","405","4",
"2026-09-14T18:19:56.089Z","8228","snapshot","0000000000000000","0","0.000","405","4","405","4",
"2026-09-14T18:20:06.140Z","58568","snapshot","0000000000000000","0","0.000","405","4","405","4",
"2026-09-14T18:20:16.191Z","43408","snapshot","0000000000000000","0","0.000","405","4","405","4",
"2026-09-14T18:20:26.229Z","35716","snapshot","0000000000000000","0","0.000","405","4","405","4",
"2026-09-14T18:20:36.279Z","12524","snapshot","0000000000000000","0","0.000","405","4","405","4",
"2026-09-14T18:20:46.330Z","58388","snapshot","0000000000000000","0","0.000","405","4","405","4",
"2026-09-14T18:20:56.383Z","49580","snapshot","0000000000000000","0","0.000","405","4","405","4",
"2026-09-14T18:21:06.436Z","46196","snapshot","0000000000000000","0","0.000","405","4","405","4",
"2026-09-14T18:21:16.483Z","39716","snapshot","0000000000000000","0","0.000","405","4","405","4",
"2026-09-14T18:21:26.530Z","43980","snapshot","0000000000000000","0","0.000","405","4","405","4",
"2026-09-14T18:21:36.572Z","34820","snapshot","0000000000000000","0","0.000","405","4","405","4",
"2026-09-14T18:21:46.622Z","19264","snapshot","0000000000000000","0","0.000","405","4","405","4",
"2026-09-14T18:21:56.675Z","35440","snapshot","0000000000000000","0","0.000","405","4","405","4",
"2026-09-14T18:22:06.720Z","45444","snapshot","0000000000000000","0","0.000","405","4","405","4",
"2026-09-14T18:22:16.776Z","54956","snapshot","0000000000000000","0","0.000","405","4","405","4",
"2026-09-14T18:22:26.824Z","47492","snapshot","0000000000000000","0","0.000","405","4","405","4",
"2026-09-14T18:22:36.873Z","38636","snapshot","0000000000000000","0","0.000","405","4","405","4",
"2026-09-14T18:22:46.915Z","5904","snapshot","0000000000000000","0","0.000","405","4","405","4",
"2026-09-14T18:22:56.960Z","37816","snapshot","0000000000000000","0","0.000","405","4","405","4",
"2026-09-14T18:23:07.014Z","32496","snapshot","0000000000000000","0","0.000","405","4","405","4",
"2026-09-14T18:23:17.059Z","50156","snapshot","0000000000000000","0","0.000","405","4","405","4",
"2026-09-14T18:23:27.112Z","49836","snapshot","0000000000000000","0","0.000","405","4","405","4",
"2026-09-14T18:23:37.164Z","40820","snapshot","0000000000000000","0","0.000","405","4","405","4",
"2026-09-14T18:23:47.215Z","45692","snapshot","0000000000000000","0","0.000","405","4","405","4",
"2026-09-14T18:23:57.263Z","43816","snapshot","0000000000000000","0","0.000","405","4","405","4",
"2026-09-14T18:24:07.308Z","33052","snapshot","0000000000000000","0","0.000","405","4","405","4",
"2026-09-14T18:24:17.348Z","48676","snapshot","0000000000000000","0","0.000","405","4","405","4",
"2026-09-14T18:24:27.401Z","50152","snapshot","0000000000000000","0","0.000","405","4","405","4",
"2026-09-14T18:24:37.446Z","52776","snapshot","0000000000000000","0","0.000","405","4","405","4",
"2026-09-14T18:24:47.502Z","35712","snapshot","0000000000000000","0","0.000","405","4","405","4",
"2026-09-14T18:24:57.553Z","59212","snapshot","0000000000000000","0","0.000","405","4","405","4",
"2026-09-14T18:25:07.608Z","27112","snapshot","0000000000000000","0","0.000","405","4","405","4",
"2026-09-14T18:25:17.663Z","54732","snapshot","0000000000000000","0","0.000","405","4","405","4",
"2026-09-14T18:25:27.701Z","51576","snapshot","0000000000000000","0","0.000","405","4","405","4",
"2026-09-14T18:25:37.746Z","13568","snapshot","0000000000000000","0","0.000","405","4","405","4",
"2026-09-14T18:25:47.799Z","59200","snapshot","0000000000000000","0","0.000","405","4","405","4",
"2026-09-14T18:25:57.846Z","52628","snapshot","0000000000000000","0","0.000","405","4","405","4",
"2026-09-14T18:26:07.901Z","46644","snapshot","0000000000000000","0","0.000","405","4","405","4",
"2026-09-14T18:26:17.943Z","47448","snapshot","0000000000000000","0","0.000","405","4","405","4",
"2026-09-14T18:26:27.996Z","33696","snapshot","0000000000000000","0","0.000","405","4","405","4",
"2026-09-14T18:26:38.048Z","53308","snapshot","0000000000000000","0","0.000","405","4","405","4",
"2026-09-14T18:26:48.087Z","1900","snapshot","0000000000000000","0","0.000","405","4","405","4",
"2026-09-14T18:26:58.133Z","37928","snapshot","0000000000000000","0","0.000","405","4","405","4",
"2026-09-14T18:27:08.172Z","54492","snapshot","0000000000000000","0","0.000","405","4","405","4",
"2026-09-14T18:27:18.219Z","39180","snapshot","0000000000000000","0","0.000","405","4","405","4",
"2026-09-14T18:27:28.272Z","28428","snapshot","0000000000000000","0","0.000","405","4","405","4",
"2026-09-14T18:27:38.320Z","35096","snapshot","0000000000000000","0","0.000","405","4","405","4",
"2026-09-14T18:27:48.362Z","29744","snapshot","0000000000000000","0","0.000","405","4","405","4",
"2026-09-14T18:27:58.402Z","31012","snapshot","0000000000000000","0","0.000","405","4","405","4",
"2026-09-14T18:28:08.445Z","51876","snapshot","0000000000000000","0","0.000","405","4","405","4",
"2026-09-14T18:28:18.490Z","57808","snapshot","0000000000000000","0","0.000","405","4","405","4",
"2026-09-14T18:28:28.542Z","55312","snapshot","0000000000000000","0","0.000","405","4","405","4",
"2026-09-14T18:28:38.595Z","56556","snapshot","0000000000000000","0","0.000","405","4","405","4",
"2026-09-14T18:28:48.648Z","18972","snapshot","0000000000000000","0","0.000","405","4","405","4",
"2026-09-14T18:28:58.691Z","32028","snapshot","0000000000000000","0","0.000","405","4","405","4",
"2026-09-14T18:29:08.733Z","52656","snapshot","0000000000000000","0","0.000","405","4","405","4",
"2026-09-14T18:29:18.772Z","51708","snapshot","0000000000000000","0","0.000","405","4","405","4",
"2026-09-14T18:29:28.815Z","53180","snapshot","0000000000000000","0","0.000","405","4","405","4",
"2026-09-14T18:29:38.854Z","48208","snapshot","0000000000000000","0","0.000","405","4","405","4",
"2026-09-14T18:29:48.896Z","46196","snapshot","0000000000000000","0","0.000","405","4","405","4",
"2026-09-14T18:29:58.943Z","48068","snapshot","0000000000000000","0","0.000","405","4","405","4",
"2026-09-14T18:30:08.995Z","53712","snapshot","0000000000000000","0","0.000","405","4","405","4",
"2026-09-14T18:30:19.037Z","15784","snapshot","0000000000000000","0","0.000","405","4","405","4",
"2026-09-14T18:30:29.087Z","24748","snapshot","0000000000000000","0","0.000","405","4","405","4",
"2026-09-14T18:30:39.132Z","54744","snapshot","0000000000000000","0","0.000","405","4","405","4",
"2026-09-14T18:30:49.182Z","6904","snapshot","0000000000000000","0","0.000","405","4","405","4",
"2026-09-14T18:30:59.235Z","44396","snapshot","0000000000000000","0","0.000","405","4","405","4",
"2026-09-14T18:31:09.286Z","57596","snapshot","0000000000000000","0","0.000","405","4","405","4",
"2026-09-14T18:31:19.338Z","42544","snapshot","0000000000000000","0","0.000","405","4","405","4",
"2026-09-14T18:31:29.375Z","54196","snapshot","0000000000000000","0","0.000","405","4","405","4",
"2026-09-14T18:31:39.417Z","58252","snapshot","0000000000000000","0","0.000","405","4","405","4",
"2026-09-14T18:31:49.456Z","56640","snapshot","0000000000000000","0","0.000","405","4","405","4",
"2026-09-14T18:31:59.497Z","45704","snapshot","0000000000000000","0","0.000","405","4","405","4",
"2026-09-14T18:32:09.538Z","52020","snapshot","0000000000000000","0","0.000","405","4","405","4",
"2026-09-14T18:32:19.578Z","58132","snapshot","0000000000000000","0","0.000","405","4","405","4",
"2026-09-14T18:32:29.619Z","52216","snapshot","0000000000000000","0","0.000","405","4","405","4",
"2026-09-14T18:32:39.671Z","45312","snapshot","0000000000000000","0","0.000","405","4","405","4",
"2026-09-14T18:32:49.711Z","57880","snapshot","0000000000000000","0","0.000","405","4","405","4",
"2026-09-14T18:32:59.757Z","51904","snapshot","0000000000000000","0","0.000","405","4","405","4",
"2026-09-14T18:33:09.811Z","58944","snapshot","0000000000000000","0","0.000","405","4","405","4",
"2026-09-14T18:33:19.855Z","58768","snapshot","0000000000000000","0","0.000","405","4","405","4",
"2026-09-14T18:33:29.904Z","51928","snapshot","0000000000000000","0","0.000","405","4","405","4",
"2026-09-14T18:33:39.959Z","54000","snapshot","0000000000000000","0","0.000","405","4","405","4",
"2026-09-14T18:33:49.999Z","47304","snapshot","0000000000000000","0","0.000","405","4","405","4",
"2026-09-14T18:34:00.048Z","44992","snapshot","0000000000000000","0","0.000","405","4","405","4",
"2026-09-14T18:34:10.084Z","59044","snapshot","0000000000000000","0","0.000","405","4","405","4",
"2026-09-14T18:34:20.136Z","27172","snapshot","0000000000000000","0","0.000","405","4","405","4",
"2026-09-14T18:34:30.191Z","57304","snapshot","0000000000000000","0","0.000","405","4","405","4",
"2026-09-14T18:34:40.239Z","33916","snapshot","0000000000000000","0","0.000","405","4","405","4",
"2026-09-14T18:34:50.282Z","36876","snapshot","0000000000000000","0","0.000","405","4","405","4",
"2026-09-14T18:35:00.336Z","52196","snapshot","0000000000000000","0","0.000","405","4","405","4",
"2026-09-14T18:35:10.380Z","33012","snapshot","0000000000000000","0","0.000","405","4","405","4",
"2026-09-14T18:35:20.427Z","33668","snapshot","0000000000000000","0","0.000","405","4","405","4",
"2026-09-14T18:35:30.480Z","35332","snapshot","0000000000000000","0","0.000","405","4","405","4",
"2026-09-14T18:35:40.534Z","55996","snapshot","0000000000000000","0","0.000","405","4","405","4",
"2026-09-14T18:35:50.576Z","57444","snapshot","0000000000000000","0","0.000","405","4","405","4",
"2026-09-14T18:36:00.618Z","3528","snapshot","0000000000000000","0","0.000","405","4","405","4",
"2026-09-14T18:36:10.672Z","9644","snapshot","0000000000000000","0","0.000","405","4","405","4",
"2026-09-14T18:36:20.717Z","39720","snapshot","0000000000000000","0","0.000","405","4","405","4",
"2026-09-14T18:36:30.756Z","29464","snapshot","0000000000000000","0","0.000","405","4","405","4",
"2026-09-14T18:36:40.797Z","13428","snapshot","0000000000000000","0","0.000","405","4","405","4",
